timestamp,length
0.004,48927
0.006,57021
0.01,56757
0.014,64462
0.018,50907
0.019,62907
0.02,81167
0.023,78788
0.024,65861
0.025,46375
0.026,80125
0.028,76046
0.029,65571
0.032,57447
0.032,72976
0.033,55269
0.036,57673
0.038,52501
0.04,53638
0.043,51019
0.045,59848
0.045,73255
0.046,54024
0.048,60038
0.051,58253
0.052,61043
0.055,56247
0.057,52122
0.06,65512
0.062,61015
0.064,70615
0.066,84311
0.068,46329
0.069,71387
0.072,53287
0.074,50038
0.076,61466
0.078,56313
0.079,54900
0.08,64858
0.081,64199
0.082,54772
0.083,58189
0.085,55059
0.087,62913
0.088,63006
0.089,72602
0.092,59793
0.094,56045
0.096,71891
0.097,58221
0.099,54465
0.101,48155
0.103,56289
0.105,55512
0.107,54999
0.11,52423
0.112,59665
0.114,60627
0.116,61877
0.117,64950
0.119,61051
0.12,57446
0.122,60747
0.124,57161
0.127,59277
0.129,62453
0.131,65783
0.133,61625
0.136,69767
0.138,50903
0.142,49210
0.144,69162
0.144,74055
0.145,61392
0.147,54324
0.148,56792
0.15,56097
0.152,54664
0.154,49317
0.156,63428
0.158,66516
0.162,41473
0.163,71492
0.164,57148
0.167,51403
0.168,57736
0.17,55504
0.171,69837
0.173,60959
0.174,76396
0.174,66414
0.175,65611
0.177,62352
0.179,57078
0.18,63541
0.182,58051
0.184,85267
0.187,50727
0.189,56033
0.191,59280
0.192,65199
0.194,80952
0.194,64077
0.197,55131
0.198,64067
0.199,46580
0.2,85124
0.202,62267
0.203,63864
0.204,47175
0.205,52094
0.206,74737
0.209,54026
0.212,51910
0.214,66274
0.216,70178
0.217,69215
0.219,60918
0.22,50440
0.222,70035
0.225,60417
0.226,50535
0.228,57360
0.23,59432
0.231,74741
0.234,55095
0.235,77552
0.237,56903
0.239,50080
0.241,52048
0.243,45801
0.244,75404
0.247,56511
0.251,73190
0.253,87789
0.255,59168
0.256,54081
0.258,57277
0.26,62593
0.262,63641
0.264,53067
0.265,66239
0.267,76388
0.268,59950
0.27,65945
0.271,71544
0.274,54162
0.275,56090
0.277,65709
0.278,53537
0.28,84300
0.281,53157
0.283,63452
0.285,57048
0.288,48692
0.288,67910
0.29,56945
0.292,73754
0.294,53631
0.298,53235
0.299,64250
0.301,57295
0.304,53453
0.305,58091
0.306,56034
0.307,57420
0.308,65228
0.309,66686
0.313,51391
0.318,59708
0.318,75198
0.321,51087
0.323,52188
0.324,52903
0.326,50940
0.327,82104
0.329,52242
0.33,60768
0.333,57175
0.333,54849
0.334,48251
0.336,46080
0.337,71303
0.339,71202
0.342,66318
0.344,53446
0.347,66950
0.349,52859
0.349,45321
0.35,72138
0.351,60574
0.353,51253
0.356,77291
0.357,60230
0.36,53176
0.362,57411
0.365,56221
0.368,55048
0.369,65990
0.371,64449
0.372,56758
0.374,57872
0.377,71410
0.378,45541
0.38,56800
0.381,50060
0.382,58745
0.383,50632
0.385,60709
0.387,65226
0.388,44796
0.39,45650
0.392,64626
0.393,62220
0.394,57064
0.396,67503
0.398,53096
0.401,53425
0.402,71699
0.402,71897
0.403,83804
0.404,66832
0.406,65829
0.41,41610
0.412,72654
0.414,51281
0.416,62231
0.419,48906
0.419,66899
0.422,54238
0.422,52926
0.424,75723
0.426,70675
0.429,63667
0.43,68377
0.432,72310
0.434,46248
0.436,61051
0.436,74728
0.437,66511
0.439,50961
0.439,56941
0.44,74630
0.442,54363
0.443,59864
0.445,87873
0.446,56706
0.447,53252
0.45,60353
0.451,43139
0.453,59755
0.454,54890
0.454,73210
0.455,75739
0.455,67014
0.458,53446
0.46,59446
0.462,51898
0.463,61193
0.465,66103
0.467,57735
0.469,74575
0.472,57614
0.475,65832
0.477,55223
0.478,63498
0.479,58160
0.48,52657
0.482,50734
0.485,48671
0.486,51711
0.487,55987
0.489,53875
0.49,60791
0.493,54247
0.495,46728
0.497,53644
0.499,62843
0.5,76588
0.503,61310
0.505,62238
0.508,47587
0.512,56727
0.514,76527
0.515,55542
0.517,58039
0.518,62707
0.52,52100
0.521,63767
0.522,60536
0.523,57717
0.524,53512
0.526,62738
0.528,55578
0.53,57936
0.531,61101
0.532,69730
0.533,70204
0.533,71722
0.534,56767
0.537,68912
0.537,62801
0.539,46449
0.541,53566
0.543,56985
0.546,52466
0.547,52696
0.548,81832
0.549,65190
0.55,55243
0.552,61829
0.554,61744
0.556,58047
0.556,87631
0.56,43637
0.563,59133
0.565,59107
0.567,60043
0.571,46934
0.573,61735
0.573,67875
0.575,61051
0.576,66695
0.578,49421
0.581,67703
0.583,75908
0.584,69073
0.585,69819
0.587,52612
0.589,55322
0.591,60366
0.592,43308
0.594,63812
0.596,70914
0.597,57497
0.599,62821
0.6,62327
0.602,52793
0.605,53214
0.606,60300
0.607,73854
0.608,69595
0.611,54283
0.613,67898
0.613,69950
0.616,56869
0.618,53525
0.62,56108
0.621,66160
0.623,53678
0.624,60078
0.626,53854
0.627,48725
0.629,65603
0.632,72326
0.633,71856
0.635,47475
0.636,56395
0.638,63003
0.639,64107
0.64,66945
0.642,61027
0.643,59547
0.644,63883
0.647,56297
0.648,55529
0.649,52854
0.65,56174
0.651,51764
0.653,60209
0.654,54430
0.656,47615
0.66,49996
0.661,48146
0.663,63899
0.663,57949
0.663,79482
0.666,51151
0.668,76099
0.67,68411
0.672,49300
0.673,86098
0.675,79452
0.676,57737
0.677,87104
0.679,55016
0.682,57885
0.683,55699
0.683,59879
0.684,60883
0.686,52156
0.688,58153
0.689,62033
0.691,52279
0.694,53522
0.696,52593
0.697,53064
0.699,61401
0.699,53732
0.702,51893
0.702,75448
0.704,47711
0.706,54040
0.707,59436
0.709,60226
0.712,49654
0.713,61048
0.716,58117
0.718,56970
0.719,66645
0.72,48127
0.722,71081
0.723,68992
0.723,76130
0.726,49040
0.728,60238
0.729,76427
0.731,44397
0.734,51680
0.736,57058
0.737,75911
0.739,54015
0.74,58729
0.743,65706
0.745,54053
0.748,61774
0.75,49283
0.751,46270
0.752,65501
0.754,47109
0.756,69305
0.758,49876
0.762,53711
0.763,56903
0.765,70092
0.766,73984
0.768,55520
0.771,68161
0.773,62131
0.774,92044
0.776,74079
0.778,72071
0.779,59275
0.78,63055
0.781,58744
0.782,62739
0.784,61185
0.786,55087
0.788,56888
0.79,53020
0.791,69995
0.793,74518
0.795,48683
0.797,50214
0.8,53666
0.801,88286
0.802,58814
0.804,69074
0.806,57398
0.807,60910
0.809,63405
0.811,54913
0.812,53295
0.815,60009
0.816,59148
0.818,53570
0.819,63279
0.821,82837
0.824,47103
0.826,77928
0.827,48556
0.83,66448
0.83,59951
0.831,62408
0.831,67728
0.833,54369
0.836,53470
0.838,51681
0.84,48190
0.842,87803
0.844,63149
0.846,60835
0.847,46569
0.848,53265
0.849,59068
0.85,57635
0.853,49730
0.855,76229
0.858,40769
0.86,54286
0.862,54875
0.864,51043
0.866,64138
0.867,66574
0.869,66461
0.871,55935
0.873,53882
0.874,64893
0.877,45429
0.88,54545
0.882,80085
0.884,77086
0.884,58962
0.886,57228
0.888,55621
0.891,56651
0.893,49509
0.894,74052
0.896,60018
0.899,54704
0.9,63425
0.902,75299
0.904,43522
0.906,56568
0.907,63517
0.908,70128
0.91,61219
0.912,44997
0.913,72307
0.916,50827
0.917,59131
0.918,64451
0.92,62844
0.921,65435
0.923,54289
0.925,79028
0.926,64561
0.928,78882
0.93,61982
0.931,64169
0.931,57778
0.933,60573
0.933,65987
0.935,75421
0.937,54217
0.938,64752
0.941,55505
0.943,70486
0.945,59151
0.947,53055
0.949,58286
0.95,63669
0.952,71896
0.953,62588
0.955,57057
0.956,58470
0.958,62412
0.96,72805
0.961,53267
0.962,93494
0.964,53680
0.966,49490
0.967,60580
0.968,70444
0.97,72530
0.971,76084
0.973,45840
0.975,65906
0.978,46316
0.98,72648
0.982,43054
0.984,57118
0.986,63430
0.987,59627
0.988,51475
0.989,69381
0.99,83622
0.991,72369
0.994,55903
0.994,77139
0.996,56986
0.997,71608
1,47841
1.001,61952
1.003,55058
1.004,53872
1.005,62771
1.007,50102
1.01,44450
1.012,58885
1.014,53374
1.015,58292
1.018,68726
1.02,77616
1.022,58547
1.024,76512
1.026,60887
1.028,67764
1.03,52306
1.031,51614
1.033,64050
1.034,65154
1.036,52349
1.038,58566
1.04,67622
1.042,50344
1.044,55716
1.046,53713
1.048,61970
1.05,49171
1.052,48463
1.054,46244
1.056,43869
1.059,51799
1.06,59938
1.061,54139
1.064,46497
1.065,63939
1.068,48488
1.069,54894
1.07,47215
1.071,59497
1.073,78903
1.076,57741
1.078,64618
1.079,61849
1.081,53315
1.083,78039
1.084,56394
1.085,50750
1.087,52934
1.089,46479
1.092,59961
1.094,58978
1.097,46034
1.098,64172
1.101,55573
1.101,70218
1.102,58132
1.104,55284
1.106,59342
1.108,73845
1.109,83920
1.111,57144
1.112,75580
1.113,72091
1.114,74337
1.116,64440
1.117,51694
1.118,75812
1.118,57874
1.119,52484
1.121,75763
1.123,48275
1.125,66806
1.127,56360
1.13,62026
1.132,65746
1.133,49068
1.135,67886
1.137,54970
1.138,71077
1.141,53047
1.142,56088
1.143,62486
1.143,51031
1.144,85770
1.145,56881
1.148,53679
1.15,52818
1.152,67544
1.153,69915
1.155,69400
1.156,60358
1.156,84319
1.158,62727
1.16,59282
1.161,54378
1.162,58340
1.164,45557
1.166,67804
1.167,68279
1.169,65668
1.17,62396
1.173,72468
1.174,79257
1.178,47553
1.179,80203
1.181,76505
1.183,62468
1.184,63846
1.185,62684
1.187,87350
1.189,57506
1.19,64803
1.192,76979
1.194,46030
1.195,55257
1.196,54629
1.199,56965
1.2,66298
1.201,73122
1.202,58681
1.204,49168
1.206,63762
1.207,61953
1.21,65861
1.211,72737
1.213,61940
1.215,58104
1.217,57548
1.219,45918
1.221,54159
1.222,63544
1.224,52542
1.226,66655
1.228,62431
1.231,60596
1.232,72162
1.234,71491
1.235,63111
1.236,53373
1.238,51658
1.239,64367
1.241,56794
1.243,61616
1.245,80942
1.245,65618
1.247,68097
1.249,51147
1.25,70058
1.253,43061
1.254,51959
1.255,75277
1.257,54721
1.259,50525
1.26,62292
1.262,70549
1.263,79438
1.265,51956
1.268,55864
1.269,56349
1.271,55065
1.273,52994
1.276,53257
1.277,69517
1.279,54844
1.279,66592
1.282,58048
1.284,51768
1.287,43104
1.289,47242
1.291,56684
1.293,49330
1.296,49393
1.297,54628
1.3,46321
1.303,44652
1.305,59291
1.306,59078
1.308,69480
1.309,53891
1.311,75282
1.313,49681
1.316,56131
1.318,62002
1.319,69211
1.319,56689
1.321,67420
1.322,67755
1.325,69556
1.355,59324
1.359,55680
1.362,74573
1.362,67338
1.366,75588
1.368,73594
1.369,59855
1.372,71166
1.376,47397
1.379,53556
1.382,64906
1.386,62184
1.389,67359
1.39,52966
1.394,49911
1.398,61479
1.399,52664
1.401,58732
1.403,69323
1.405,64735
1.409,50557
1.411,52031
1.414,55722
1.415,72301
1.416,56364
1.418,49879
1.42,58838
1.423,56010
1.426,56749
1.428,60897
1.43,53489
1.433,40779
1.435,50006
1.438,61513
1.44,54939
1.442,57263
1.445,44285
1.447,43415
1.45,48056
1.451,70427
1.453,48137
1.455,66204
1.457,53463
1.461,55992
1.464,61600
1.467,55613
1.468,61151
1.471,49049
1.473,50951
1.477,53026
1.478,56740
1.481,62770
1.485,58855
1.486,64451
1.487,49463
1.489,46934
1.49,52318
1.491,57207
1.492,72082
1.493,83426
1.494,61561
1.494,75684
1.497,62532
1.498,65034
1.501,42202
1.502,45305
1.504,57079
1.506,69309
1.507,60006
1.508,66685
1.512,62976
1.514,53311
1.516,74494
1.518,46179
1.521,59029
1.522,58369
1.523,51846
1.524,53088
1.526,56058
1.528,48811
1.529,49906
1.531,92444
1.533,64123
1.535,53768
1.536,66538
1.538,62112
1.54,49259
1.542,60130
1.545,46716
1.547,47374
1.547,76295
1.55,55196
1.552,55516
1.554,60113
1.557,44205
1.558,75705
1.561,56513
1.563,58451
1.565,50756
1.567,75567
1.569,46403
1.571,53322
1.573,49308
1.576,53281
1.579,48347
1.58,68946
1.582,68396
1.585,48937
1.587,62462
1.588,54767
1.59,56549
1.592,49774
1.595,62736
1.597,69301
1.599,56080
1.601,46302
1.603,71971
1.606,57229
1.61,54465
1.612,64186
1.613,71821
1.615,52437
1.617,57037
1.619,65478
1.62,57297
1.621,78216
1.623,54199
1.626,61533
1.629,73130
1.63,64653
1.633,56871
1.634,73865
1.636,49613
1.638,77595
1.64,46880
1.641,59937
1.644,58618
1.646,67145
1.649,52510
1.651,50163
1.654,61030
1.655,49337
1.656,63604
1.66,55898
1.661,66783
1.663,60880
1.665,62348
1.667,75001
1.668,68489
1.669,53224
1.671,67896
1.672,50567
1.674,58872
1.677,63749
1.677,61491
1.68,51427
1.682,60463
1.685,51572
1.686,56046
1.689,58593
1.689,76663
1.691,58523
1.694,52282
1.695,70940
1.697,51804
1.699,47676
1.701,48861
1.703,69058
1.704,78861
1.704,56613
1.705,46005
1.707,46713
1.708,71722
1.71,77345
1.71,70767
1.712,65831
1.714,51224
1.716,68301
1.719,56412
1.72,59513
1.722,76613
1.724,52948
1.725,61138
1.727,52291
1.729,64535
1.731,55556
1.732,58805
1.734,66313
1.736,60922
1.738,80317
1.739,63395
1.741,60751
1.743,79648
1.745,59617
1.746,68816
1.747,62511
1.748,48631
1.749,54266
1.749,86272
1.751,44565
1.753,60586
1.756,51425
1.757,63778
1.759,57953
1.762,56023
1.764,50809
1.765,55974
1.766,49515
1.769,52460
1.77,50428
1.772,60755
1.774,58703
1.777,82356
1.778,61127
1.78,54285
1.782,59217
1.783,78414
1.785,43584
1.786,79166
1.788,50145
1.791,55169
1.793,54287
1.796,44731
1.797,78535
1.799,55721
1.8,50214
1.802,71999
1.804,62461
1.805,50051
1.805,57256
1.807,65538
1.81,61969
1.813,51689
1.815,49876
1.817,69776
1.818,71643
1.82,57105
1.821,68315
1.823,60769
1.826,64830
1.828,52071
1.83,42634
1.831,59284
1.833,53725
1.834,56852
1.836,58407
1.839,63912
1.841,61505
1.844,76452
1.846,53269
1.848,58905
1.848,59980
1.851,77448
1.853,75978
1.854,62257
1.857,60071
1.859,64665
1.862,69424
1.866,72458
1.868,47452
1.87,46572
1.873,53593
1.874,69880
1.877,49878
1.879,65010
1.88,73878
1.882,66222
1.884,64536
1.886,45579
1.888,59683
1.889,61261
1.891,54019
1.893,62025
1.895,73277
1.896,48505
1.897,78944
1.898,67048
1.9,63546
1.902,83843
1.903,58988
1.906,58154
1.909,65363
1.912,56066
1.913,59278
1.914,62264
1.915,65143
1.918,59399
1.919,47922
1.921,44631
1.923,62850
1.923,49414
1.926,49395
1.93,49599
1.931,43524
1.933,60224
1.936,54945
1.937,62680
1.938,46149
1.94,42989
1.941,71562
1.944,53097
1.946,52087
1.947,52248
1.948,46764
1.95,56887
1.951,54910
1.952,70320
1.954,79628
1.955,67346
1.956,56348
1.957,64639
1.957,69979
1.96,63028
1.962,58641
1.964,49277
1.965,56829
1.967,58637
1.969,58973
1.969,56283
1.971,55153
1.974,48251
1.975,66131
1.978,45283
1.979,69864
1.981,66365
1.982,61600
1.984,74668
1.985,70648
1.987,54382
1.989,56666
1.991,101333
1.993,49565
1.995,56608
1.997,54014
2,45683
2.002,57121
2.003,72783
2.005,59137
2.007,76519
2.01,69203
2.012,59693
2.015,63909
2.016,59878
2.018,44708
2.02,72187
2.022,65266
2.023,56161
2.024,58790
2.026,57056
2.027,68800
2.028,53171
2.029,69719
2.031,52581
2.033,60261
2.034,48899
2.037,47780
2.039,58127
2.04,58240
2.043,44969
2.044,84421
2.046,74192
2.049,50535
2.05,54632
2.051,66180
2.052,54675
2.054,52427
2.057,58481
2.061,61141
2.064,65467
2.066,55200
2.069,62215
2.07,55690
2.072,61010
2.074,60759
2.076,68828
2.077,65016
2.08,57390
2.082,53751
2.083,53428
2.084,71970
2.085,68086
2.087,63865
2.088,65734
2.091,50261
2.093,75004
2.095,68058
2.096,47839
2.098,72788
2.1,55046
2.102,52909
2.104,58871
2.106,46527
2.109,55998
2.111,73695
2.114,57382
2.114,64583
2.116,62431
2.118,65149
2.119,69667
2.12,64909
2.121,65736
2.124,43253
2.126,77720
2.129,56908
2.132,45493
2.133,46807
2.134,48891
2.136,58660
2.137,54819
2.137,57553
2.138,67735
2.14,80636
2.142,47582
2.144,61972
2.145,68632
2.146,54329
2.148,54124
2.15,62381
2.151,56841
2.152,63568
2.154,48798
2.156,40852
2.159,63929
2.16,70118
2.162,49243
2.163,68108
2.165,46336
2.166,64716
2.167,70661
2.168,53353
2.17,61420
2.173,58291
2.175,67795
2.176,52935
2.177,55764
2.178,50057
2.18,59971
2.181,62418
2.182,64078
2.184,47350
2.185,54544
2.186,53390
2.188,56909
2.19,72891
2.191,62686
2.193,63891
2.195,51948
2.197,40472
2.198,55207
2.201,55190
2.202,70277
2.204,49837
2.204,59271
2.206,87983
2.207,56044
2.21,51289
2.211,61871
2.214,57080
2.215,72977
2.216,51064
2.217,56028
2.218,45549
2.219,55870
2.221,83703
2.223,68324
2.223,66150
2.224,59824
2.227,56938
2.228,68435
2.228,72649
2.231,58516
2.232,56572
2.233,65442
2.236,52734
2.236,68142
2.237,53843
2.239,54638
2.242,61301
2.243,56924
2.243,59265
2.245,43930
2.247,53700
2.248,68878
2.249,59408
2.251,50812
2.254,58557
2.255,58369
2.257,46467
2.26,57364
2.262,76342
2.263,49407
2.266,54114
2.267,50361
2.27,49402
2.272,41738
2.275,73262
2.276,47088
2.277,59189
2.277,59496
2.278,58248
2.279,63789
2.281,64591
2.283,70748
2.285,68277
2.286,66649
2.288,54626
2.291,51921
2.291,74427
2.293,86085
2.296,48444
2.297,53806
2.297,75064
2.3,80842
2.301,60130
2.304,56637
2.306,55570
2.308,60975
2.31,67757
2.31,60320
2.312,55068
2.314,61634
2.316,53255
2.317,56271
2.318,54905
2.32,71572
2.321,52331
2.323,67026
2.325,66511
2.326,64006
2.327,55915
2.328,64134
2.329,56466
2.329,62989
2.331,67461
2.333,51910
2.335,67867
2.336,54610
2.336,66706
2.338,53308
2.339,46726
2.34,59583
2.343,52285
2.345,54901
2.346,66255
2.347,64933
2.348,76356
2.35,68155
2.352,61485
2.354,65884
2.356,75064
2.357,76141
2.359,55609
2.36,65643
2.361,52075
2.363,66300
2.364,50157
2.366,65209
2.367,57479
2.368,68520
2.368,84808
2.369,77930
2.37,83315
2.372,55657
2.375,63754
2.375,68937
2.378,52465
2.38,59328
2.381,67157
2.383,63125
2.383,52213
2.385,61371
2.387,46195
2.389,66398
2.391,68625
2.392,62191
2.392,70107
2.393,61171
2.394,71569
2.395,61998
2.396,64193
2.399,46355
2.4,71775
2.401,69072
2.404,54835
2.406,63562
2.407,54130
2.408,58621
2.41,61718
2.412,59351
2.414,53533
2.417,40961
2.42,52941
2.42,61798
2.423,50249
2.425,48001
2.426,74016
2.427,56959
2.429,56465
2.432,54026
2.434,62663
2.436,57583
2.439,46523
2.442,64026
2.443,59287
2.445,54334
2.446,62108
2.447,79631
2.448,56875
2.449,82481
2.449,63727
2.451,78011
2.453,59075
2.455,52527
2.457,54128
2.459,52331
2.46,66674
2.462,60485
2.463,70396
2.465,49257
2.467,55989
2.469,60141
2.472,49895
2.472,77251
2.474,49410
2.477,65361
2.479,46654
2.48,55956
2.482,56342
2.483,65829
2.486,55359
2.487,58694
2.488,72018
2.489,68664
2.491,64852
2.493,56311
2.495,57767
2.496,73016
2.496,55427
2.499,78603
2.501,52202
2.501,70354
2.503,60538
2.504,65321
2.505,43136
2.506,68493
2.51,53967
2.513,54853
2.514,61635
2.514,83805
2.515,57027
2.516,52611
2.518,60639
2.52,67112
2.521,55732
2.523,52664
2.523,78108
2.524,70248
2.527,62638
2.528,78491
2.528,66447
2.531,64347
2.532,86089
2.535,48713
2.536,54511
2.537,61429
2.539,54391
2.541,49496
2.543,52505
2.544,59672
2.545,57971
2.547,41005
2.55,58067
2.551,74974
2.554,48386
2.556,52650
2.559,53474
2.562,58968
2.564,50068
2.565,69038
2.566,55951
2.567,48589
2.57,63406
2.57,78494
2.572,58543
2.573,65421
2.573,80989
2.575,56669
2.578,58132
2.578,82468
2.58,69491
2.581,61924
2.584,56049
2.585,51070
2.588,69922
2.589,54958
2.591,55529
2.593,61243
2.595,57830
2.596,60052
2.596,54919
2.597,57687
2.599,81785
2.602,51091
2.603,51002
2.604,67601
2.606,80384
2.607,75919
2.609,67035
2.611,74051
2.612,52253
2.614,57600
2.615,74155
2.617,48872
2.619,75103
2.621,52081
2.622,59495
2.624,50821
2.626,74478
2.629,56757
2.63,73489
2.631,65533
2.633,56155
2.635,54018
2.637,62194
2.637,59095
2.639,63791
2.642,73763
2.646,50825
2.648,56609
2.651,54378
2.653,52962
2.656,57455
2.658,68016
2.66,68504
2.661,58946
2.664,57190
2.666,49860
2.667,71463
2.669,66556
2.67,56112
2.671,52420
2.672,52058
2.674,52545
2.676,71598
2.678,59927
2.679,60346
2.681,56261
2.683,53442
2.685,65997
2.687,52578
2.69,63280
2.691,52219
2.693,73794
2.695,47713
2.697,73278
2.699,64516
2.7,68679
2.701,57916
2.701,68244
2.702,79570
2.704,46572
2.704,61882
2.705,56510
2.706,66199
2.707,52522
2.709,62827
2.71,89865
2.711,63983
2.712,63950
2.714,49161
2.714,88142
2.716,54514
2.717,76683
2.719,57047
2.721,77993
2.722,67774
2.725,59590
2.726,70941
2.727,72934
2.729,53792
2.731,46166
2.732,60990
2.735,47154
2.736,48036
2.739,50210
2.74,68620
2.741,77514
2.743,65972
2.744,93683
2.745,52876
2.746,63878
2.749,49617
2.75,59039
2.751,60847
2.752,58942
2.755,42589
2.758,47128
2.761,51456
2.763,62611
2.763,50843
2.766,55330
2.767,69505
2.768,56220
2.77,64843
2.771,63421
2.773,62632
2.776,60087
2.779,50941
2.781,67844
2.783,50347
2.784,55429
2.785,56443
2.787,63138
2.788,54704
2.789,66937
2.793,55164
2.795,62594
2.797,71109
2.798,52267
2.799,72182
2.8,55457
2.801,71476
2.803,49607
2.804,47915
2.806,60413
2.806,63210
2.809,47062
2.811,50624
2.813,60618
2.814,57670
2.816,51659
2.817,44208
2.818,64010
2.819,50847
2.821,60744
2.822,54908
2.825,61087
2.827,70402
2.829,60715
2.83,49101
2.83,58731
2.831,55988
2.833,49387
2.836,58912
2.837,49392
2.837,66721
2.84,68531
2.842,62449
2.843,57252
2.844,57964
2.845,53506
2.847,64880
2.849,78005
2.85,61592
2.853,56016
2.854,61651
2.855,56601
2.856,53801
2.857,69759
2.857,75142
2.861,64652
2.862,53678
2.864,70704
2.865,71775
2.866,69722
2.867,60878
2.869,57040
2.87,52301
2.871,56810
2.873,64095
2.874,53108
2.876,62275
2.878,56515
2.88,64212
2.882,65286
2.883,73575
2.883,61066
2.885,64591
2.888,57966
2.89,69034
2.891,49018
2.893,58946
2.894,57670
2.897,51850
2.898,73116
2.899,79872
2.9,55178
2.901,59054
2.904,52152
2.905,46108
2.907,62936
2.909,76911
2.909,63101
2.911,89430
2.913,55931
2.913,50431
2.915,62722
2.918,50363
2.92,55399
2.922,67579
2.923,66328
2.925,49934
2.927,60549
2.928,58769
2.93,52387
2.932,48761
2.933,78177
2.935,59087
2.937,66035
2.937,71140
2.938,63971
2.939,61681
2.941,60471
2.944,64365
2.946,76745
2.947,55715
2.948,58113
2.95,79243
2.952,71645
2.952,72246
2.953,59057
2.955,52023
2.957,63031
2.96,49090
2.961,59710
2.962,55755
2.964,68715
2.965,55390
2.967,61135
2.971,49947
2.973,53089
2.973,74752
2.976,54850
2.978,72139
2.979,57335
2.98,62131
2.981,76136
2.983,64059
2.984,64107
2.987,51690
2.989,72057
2.991,57152
2.993,67786
2.996,50034
2.998,52926
3,58818
3.001,68925
3.002,57063
3.004,69072
3.006,57919
3.009,48794
3.011,55380
3.012,53672
3.014,63475
3.015,57553
3.018,58500
3.02,55280
3.022,67283
3.023,60464
3.025,61710
3.027,56416
3.028,44664
3.029,47870
3.031,72008
3.032,85022
3.034,57748
3.036,59727
3.037,43860
3.037,59915
3.04,40551
3.041,52105
3.043,56973
3.044,64174
3.045,73125
3.046,78995
3.048,56150
3.049,65549
3.051,58310
3.052,55086
3.055,45061
3.055,51641
3.056,80284
3.059,66044
3.061,84546
3.063,60067
3.065,45188
3.066,54210
3.068,44692
3.07,51873
3.072,66911
3.074,83206
3.075,58282
3.077,47666
3.078,83156
3.079,52212
3.081,50693
3.082,67669
3.084,57741
3.085,62015
3.087,54505
3.089,77055
3.091,52050
3.092,59972
3.095,66423
3.097,66669
3.099,58496
3.101,51484
3.104,45397
3.106,71705
3.107,60891
3.109,48546
3.111,60073
3.112,76756
3.114,81027
3.116,61635
3.118,55809
3.119,66598
3.119,52003
3.122,54676
3.123,71007
3.126,44873
3.127,62417
3.13,46546
3.133,55958
3.135,65642
3.137,53194
3.138,55829
3.14,57870
3.14,67927
3.143,53258
3.145,54188
3.147,59900
3.148,57005
3.15,53345
3.151,67145
3.152,72440
3.154,61373
3.155,73064
3.156,64306
3.159,69643
3.161,62116
3.162,68030
3.165,53076
3.165,48151
3.167,61667
3.169,62418
3.17,60302
3.171,71954
3.172,62785
3.174,54050
3.175,57910
3.177,62765
3.177,68922
3.18,50505
3.183,54536
3.185,70215
3.186,44957
3.188,72265
3.189,50404
3.19,45945
3.191,64279
3.193,54775
3.195,48787
3.196,63165
3.197,64923
3.199,58750
3.2,61448
3.203,57127
3.204,57393
3.205,44674
3.207,51227
3.209,46192
3.211,72312
3.212,50597
3.214,52341
3.217,69203
3.219,50197
3.221,56204
3.221,79845
3.224,55185
3.225,48438
3.227,68253
3.229,79305
3.23,50898
3.233,47888
3.235,66484
3.237,62336
3.238,75179
3.24,51181
3.243,50962
3.245,42135
3.246,86101
3.247,67535
3.248,60809
3.249,53775
3.252,57404
3.254,67977
3.256,54105
3.257,54370
3.26,53448
3.261,78408
3.261,71151
3.263,73232
3.264,49597
3.266,78458
3.268,62921
3.27,71430
3.272,61913
3.276,41272
3.277,81832
3.279,43798
3.282,55971
3.283,66045
3.284,61941
3.285,59424
3.286,61317
3.287,87603
3.288,59805
3.289,74192
3.292,47768
3.294,51998
3.296,54241
3.296,78749
3.298,68885
3.299,62652
3.301,58246
3.302,59502
3.305,45313
3.308,51268
3.309,71442
3.31,45065
3.311,64671
3.313,58985
3.316,57254
3.316,60278
3.318,60112
3.319,64257
3.322,51784
3.323,67203
3.324,76504
3.324,58832
3.327,64342
3.329,54984
3.331,70074
3.333,58126
3.335,74800
3.335,70955
3.338,53969
3.339,59295
3.341,59267
3.344,62241
3.348,52515
3.35,57509
3.351,47931
3.353,58512
3.355,58873
3.358,45754
3.36,65531
3.362,55833
3.364,73362
3.366,45103
3.367,59807
3.368,77883
3.369,72370
3.371,47838
3.372,44318
3.374,44743
3.376,47564
3.377,69865
3.378,66027
3.379,87340
3.381,59738
3.383,50633
3.386,48931
3.387,61402
3.389,56414
3.39,54602
3.393,53261
3.394,59052
3.395,52961
3.396,66760
3.397,50176
3.399,84767
3.401,51674
3.403,61133
3.404,78102
3.405,59062
3.408,53557
3.409,81721
3.411,46634
3.413,70781
3.415,51323
3.416,56555
3.418,58065
3.419,73867
3.421,54293
3.423,54474
3.426,60591
3.428,63020
3.431,52193
3.433,49313
3.434,51934
3.438,51512
3.441,53041
3.443,62831
3.445,54102
3.446,44693
3.448,70194
3.45,62539
3.453,43200
3.454,66206
3.455,63471
3.456,70734
3.458,84175
3.46,65796
3.462,55334
3.463,72358
3.465,53935
3.467,51991
3.469,62309
3.472,64785
3.473,56026
3.476,56047
3.477,57123
3.478,74853
3.48,62201
3.482,54240
3.483,56760
3.485,45023
3.487,54362
3.489,50356
3.49,62760
3.492,59496
3.494,64124
3.497,44850
3.497,55613
3.5,62979
3.503,53738
3.504,58966
3.505,64967
3.508,63679
3.51,62589
3.511,94829
3.512,65100
3.515,61395
3.516,77020
3.517,72186
3.519,61946
3.52,71211
3.522,53164
3.523,55294
3.525,63891
3.527,43338
3.529,52093
3.531,53858
3.532,79203
3.533,58265
3.535,44726
3.536,63945
3.538,42799
3.539,50235
3.541,52577
3.542,77155
3.543,59973
3.544,71946
3.546,55278
3.547,54575
3.55,68295
3.551,50097
3.552,72330
3.554,69996
3.555,49271
3.556,57521
3.558,55178
3.561,59131
3.562,47211
3.564,74565
3.565,62962
3.565,66380
3.568,53361
3.569,58461
3.57,46930
3.572,47847
3.573,56272
3.576,65966
3.578,52785
3.58,62743
3.58,70399
3.583,58444
3.584,59483
3.587,60806
3.589,65917
3.59,59006
3.591,58710
3.592,74980
3.593,63922
3.595,63030
3.596,69234
3.598,46281
3.6,52212
3.602,49047
3.604,47876
3.607,62058
3.61,53219
3.612,60893
3.614,67253
3.615,46099
3.617,58332
3.62,49481
3.623,50960
3.624,55258
3.627,60438
3.627,54098
3.629,54001
3.629,84972
3.631,45877
3.632,52519
3.634,61421
3.636,48813
3.637,64143
3.639,60025
3.641,63152
3.642,66797
3.643,63675
3.645,76176
3.648,59887
3.65,69577
3.652,65587
3.653,67115
3.653,61145
3.654,69720
3.657,46554
3.66,60387
3.661,60371
3.663,66242
3.664,60840
3.665,59836
3.666,63359
3.667,60167
3.669,53185
3.67,81289
3.671,73791
3.673,42673
3.675,74364
3.676,64110
3.679,51724
3.681,71071
3.681,59648
3.683,52048
3.684,65237
3.686,45265
3.688,58955
3.689,54339
3.692,63735
3.693,59854
3.695,68363
3.697,62731
3.699,67594
3.699,75425
3.7,61400
3.7,77830
3.703,44944
3.705,58177
3.707,54664
3.709,68317
3.711,71434
3.714,63555
3.716,57467
3.718,63922
3.72,53690
3.722,66650
3.723,91086
3.725,63467
3.727,55331
3.729,72989
3.732,50795
3.734,77927
3.735,52198
3.737,50471
3.737,67948
3.739,65659
3.741,52013
3.743,53961
3.745,46892
3.745,79049
3.746,58708
3.748,55868
3.751,51612
3.751,54713
3.752,57542
3.754,49707
3.755,81927
3.757,48078
3.758,57049
3.76,61015
3.761,66453
3.763,61046
3.764,62023
3.766,51244
3.768,47759
3.77,63282
3.773,55154
3.775,45474
3.777,52313
3.779,68268
3.781,61605
3.783,49229
3.784,57742
3.787,60360
3.788,51033
3.79,59418
3.792,87365
3.795,43665
3.796,48573
3.797,61397
3.799,73292
3.802,58620
3.804,52621
3.805,55024
3.806,54298
3.807,51345
3.809,58921
3.81,58915
3.811,49161
3.814,46749
3.814,55676
3.816,52955
3.818,54554
3.82,56148
3.821,68335
3.821,60316
3.823,65996
3.824,87692
3.827,52837
3.829,46043
3.83,70282
3.832,65972
3.833,71128
3.835,54470
3.838,49809
3.839,69311
3.841,51950
3.843,57778
3.845,53916
3.846,51908
3.848,64225
3.849,64343
3.851,69208
3.854,52262
3.855,75681
3.857,82868
3.859,54395
3.86,56252
3.861,64058
3.863,55623
3.865,45738
3.868,60338
3.869,68358
3.871,68110
3.873,79403
3.875,59333
3.876,68591
3.877,56523
3.878,65719
3.88,58951
3.881,69571
3.882,60142
3.884,57510
3.885,60517
3.886,63857
3.887,52703
3.888,52875
3.889,55140
3.891,56013
3.893,48033
3.894,84967
3.896,67166
3.896,54777
3.898,53687
3.898,57597
3.9,58882
3.902,57595
3.903,67366
3.904,66026
3.906,62944
3.907,60740
3.91,74210
3.913,53169
3.915,61645
3.917,69244
3.918,55609
3.92,75308
3.922,65948
3.925,61485
3.926,55176
3.927,56369
3.93,71267
3.932,67019
3.934,52618
3.936,54381
3.938,67402
3.939,55877
3.94,61447
3.942,63737
3.944,42099
3.946,68458
3.948,48825
3.948,74861
3.949,76705
3.95,88408
3.951,66327
3.952,58481
3.954,56141
3.955,54392
3.956,71339
3.959,75169
3.96,61528
3.961,53731
3.963,66552
3.965,68658
3.967,62826
3.968,80181
3.969,60822
3.972,52626
3.974,59354
3.977,63569
3.978,58940
3.98,52012
3.982,48212
3.983,54104
3.985,63075
3.987,75677
3.988,50758
3.988,53238
3.99,61878
3.991,60170
3.993,59292
3.994,68867
3.995,58278
3.998,56375
4,62393
4.003,45030
4.006,49967
4.009,49564
4.012,46204
4.014,67639
4.016,73719
4.017,51915
4.019,59281
4.02,53521
4.021,73944
4.024,53449
4.026,76777
4.027,55720
4.028,70014
4.03,52344
4.032,65290
4.033,55316
4.034,63487
4.035,60982
4.038,45913
4.04,65559
4.043,46469
4.046,51282
4.047,51786
4.048,61637
4.048,70343
4.049,56158
4.051,77945
4.053,57259
4.054,48691
4.057,49162
4.059,48379
4.061,82144
4.062,50844
4.064,57799
4.066,49700
4.069,50886
4.07,48853
4.072,53376
4.075,45758
4.076,66971
4.078,61298
4.08,68015
4.081,72562
4.082,56290
4.084,60282
4.086,57763
4.087,70068
4.09,41440
4.092,53942
4.093,65714
4.095,49384
4.097,49382
4.099,58808
4.102,61959
4.104,55187
4.105,58235
4.106,84757
4.109,58551
4.11,63812
4.113,56540
4.115,50273
4.117,61257
4.118,68105
4.12,52254
4.123,46175
4.124,51228
4.124,59430
4.126,86337
4.128,51946
4.13,52859
4.131,63262
4.134,46612
4.135,41834
4.137,67043
4.138,91516
4.139,53971
4.14,50144
4.142,70973
4.142,70984
4.145,47548
4.147,59455
4.148,50980
4.15,51612
4.153,55335
4.155,49133
4.156,63833
4.159,57463
4.161,68233
4.163,75796
4.165,57302
4.166,69347
4.168,56701
4.17,51120
4.172,51053
4.174,57572
4.176,61853
4.177,68013
4.179,56654
4.181,53927
4.182,64815
4.184,62763
4.185,61403
4.187,64200
4.189,48891
4.19,71046
4.192,67852
4.193,94909
4.195,49531
4.196,64795
4.199,53846
4.199,67200
4.2,48284
4.202,47765
4.202,68637
4.203,64548
4.206,69409
4.207,62191
4.209,44415
4.211,54756
4.213,62759
4.215,50738
4.217,47290
4.22,54813
4.222,53684
4.224,71002
4.226,52101
4.227,55479
4.228,60402
4.232,51514
4.233,78473
4.235,60722
4.239,45414
4.24,66735
4.242,58263
4.243,64871
4.244,79767
4.246,74621
4.248,49175
4.249,64616
4.251,64698
4.252,93707
4.253,60074
4.255,48521
4.259,51928
4.261,56859
4.263,59330
4.265,55478
4.267,50868
4.268,55584
4.27,49362
4.272,50833
4.273,60235
4.276,59305
4.278,56791
4.28,61287
4.281,64703
4.282,61534
4.284,52900
4.285,55696
4.287,55721
4.288,59866
4.29,60577
4.29,64561
4.293,67637
4.293,60731
4.295,51081
4.296,50196
4.299,61616
4.301,76634
4.303,43903
4.304,50183
4.307,61482
4.31,44883
4.311,50539
4.312,53742
4.313,51450
4.315,65562
4.317,57876
4.318,52880
4.319,57896
4.321,53076
4.323,67891
4.326,49220
4.328,66194
4.33,64222
4.332,59462
4.335,58491
4.336,64642
4.339,54089
4.341,50316
4.343,85909
4.345,52378
4.346,69117
4.347,60704
4.349,59174
4.349,62937
4.352,53200
4.354,60037
4.356,58631
4.358,55931
4.361,51582
4.362,63987
4.364,58662
4.365,69494
4.367,60790
4.369,66663
4.372,60870
4.374,60243
4.378,48756
4.379,60483
4.382,49773
4.384,53205
4.386,62534
4.388,52080
4.389,58318
4.39,77480
4.391,69778
4.394,54303
4.394,54077
4.396,66551
4.398,51068
4.399,65022
4.4,69234
4.402,65437
4.403,60373
4.404,47544
4.406,70129
4.407,58845
4.407,60619
4.41,51154
4.413,59180
4.414,92756
4.416,53559
4.417,69158
4.419,54763
4.42,58297
4.423,66550
4.424,65304
4.426,61023
4.428,67182
4.431,49946
4.432,45725
4.433,72709
4.436,56844
4.439,50736
4.441,53254
4.442,57692
4.444,54108
4.444,66709
4.446,91048
4.447,73772
4.449,49686
4.45,52344
4.452,59203
4.454,59537
4.455,61487
4.456,58760
4.457,76867
4.458,54182
4.461,69464
4.464,46985
4.466,66684
4.467,69368
4.468,59126
4.469,66392
4.47,52778
4.472,65319
4.473,68220
4.475,57524
4.477,45891
4.478,70332
4.48,65017
4.481,67814
4.483,61344
4.486,53571
4.487,69270
4.488,52645
4.49,67685
4.491,54833
4.492,49113
4.493,59416
4.493,69609
4.494,69057
4.495,61447
4.496,51224
4.498,54814
4.499,48767
4.5,79105
4.502,75150
4.504,49825
4.504,59827
4.506,69675
4.508,50876
4.51,51933
4.513,54131
4.515,56897
4.516,63285
4.519,50721
4.52,64658
4.522,66007
4.524,60505
4.526,55005
4.526,57554
4.527,69874
4.529,67963
4.53,60012
4.532,52452
4.533,58836
4.535,50146
4.536,62278
4.538,73226
4.539,76347
4.542,63951
4.543,63517
4.545,61020
4.546,69082
4.547,58147
4.548,73020
4.551,54661
4.552,71102
4.554,65860
4.556,73415
4.558,59459
4.562,51915
4.565,63738
4.567,63475
4.569,57466
4.571,77296
4.572,56641
4.574,53503
4.575,54554
4.577,53469
4.579,56472
4.58,71952
4.582,66207
4.584,58948
4.586,76253
4.588,69474
4.589,63565
4.59,66350
4.591,56166
4.593,66928
4.594,63974
4.597,47062
4.6,52014
4.601,70801
4.603,50867
4.603,43192
4.605,71579
4.607,60768
4.61,45942
4.611,52796
4.612,67639
4.613,63896
4.616,51362
4.617,48254
4.618,55484
4.62,59129
4.622,47670
4.624,50818
4.625,75276
4.627,67064
4.629,49632
4.631,62311
4.632,86857
4.635,55029
4.636,55349
4.638,51835
4.64,70416
4.642,52730
4.644,57299
4.647,65996
4.648,78550
4.649,61427
4.651,51904
4.653,85345
4.655,55965
4.657,64994
4.659,64289
4.66,59994
4.661,58614
4.662,69138
4.663,57427
4.664,57315
4.666,68318
4.668,68049
4.668,67525
4.671,46467
4.672,58987
4.674,60266
4.675,64148
4.676,59783
4.677,62492
4.678,61881
4.68,45525
4.682,48013
4.683,49806
4.684,62549
4.686,72053
4.688,45409
4.69,63354
4.691,62035
4.692,66826
4.693,54159
4.696,72362
4.698,57119
4.7,58673
4.702,70058
4.703,67226
4.704,63562
4.705,64479
4.708,57678
4.71,67915
4.711,48682
4.714,50359
4.714,54363
4.716,65671
4.718,55772
4.719,65692
4.721,53570
4.722,57557
4.723,70408
4.724,82642
4.726,60063
4.728,53458
4.729,55324
4.732,60133
4.733,47746
4.734,63454
4.736,82953
4.738,56525
4.739,70771
4.74,54701
4.742,60293
4.743,61545
4.746,50300
4.748,62216
4.749,55278
4.749,48656
4.751,64420
4.752,52073
4.754,61703
4.756,63707
4.759,44088
4.761,53563
4.763,60511
4.765,66291
4.767,78703
4.769,63097
4.77,63832
4.772,49483
4.773,49016
4.773,72030
4.774,67932
4.775,74644
4.777,64383
4.779,50630
4.78,55021
4.783,53990
4.785,53672
4.785,73562
4.786,65354
4.788,58201
4.79,49483
4.791,65337
4.792,71207
4.794,46628
4.796,70804
4.798,49467
4.799,51666
4.802,57446
4.804,53309
4.807,57631
4.807,64548
4.808,56310
4.811,75433
4.812,68242
4.814,52620
4.815,46215
4.816,73827
4.818,62209
4.82,66991
4.822,48112
4.823,69293
4.825,46926
4.828,63207
4.83,67159
4.832,66660
4.834,47489
4.836,52138
4.838,69786
4.84,51819
4.841,55265
4.843,58069
4.844,54451
4.845,49598
4.847,59566
4.847,60346
4.85,51539
4.852,63450
4.852,59833
4.855,49069
4.855,62941
4.857,60834
4.859,53991
4.861,52776
4.863,51540
4.864,76168
4.866,54265
4.867,85073
4.869,53616
4.87,56359
4.872,57164
4.874,72024
4.876,67887
4.878,63250
4.879,69928
4.879,58727
4.88,55344
4.883,52718
4.884,52376
4.886,64602
4.889,62962
4.892,50177
4.894,67423
4.895,90718
4.896,56162
4.898,64101
4.9,64239
4.901,63002
4.903,48258
4.906,58251
4.91,46250
4.911,64473
4.912,65950
4.913,59010
4.915,74905
4.916,57381
4.917,54341
4.919,65228
4.921,67585
4.922,70454
4.924,70783
4.926,71494
4.927,59587
4.929,64832
4.931,49476
4.932,51685
4.934,57267
4.935,69578
4.937,68757
4.938,62518
4.939,80670
4.942,55710
4.943,63129
4.945,54934
4.947,58885
4.949,64228
4.95,57216
4.951,75504
4.953,51997
4.955,72275
4.956,81919
4.958,64847
4.958,65161
4.96,63106
4.961,53743
4.963,72256
4.964,72368
4.966,60366
4.968,48111
4.97,48979
4.972,53124
4.975,52858
4.975,52256
4.977,59314
4.979,51340
4.98,60983
4.981,52061
4.983,77244
4.985,55254
4.987,69724
4.988,69192
4.99,48586
4.992,51696
4.994,62224
4.995,48521
4.997,49205
4.998,54315
5,64907
5.001,58003
5.002,48049
5.003,56222
5.006,52516
5.006,55750
5.009,57347
5.011,66702
5.013,59939
5.015,51375
5.016,92539
5.017,49020
5.017,56771
5.019,51072
5.02,75666
5.022,46936
5.023,62022
5.024,95157
5.026,62160
5.028,46935
5.03,55808
5.032,64688
5.035,47007
5.036,62030
5.037,57494
5.039,54295
5.042,68183
5.044,67162
5.044,75907
5.046,59803
5.048,57044
5.05,47139
5.051,66564
5.052,49535
5.055,49579
5.057,56459
5.058,69415
5.061,57695
5.063,73158
5.065,51793
5.066,56066
5.068,89250
5.07,60447
5.072,67206
5.075,58313
5.076,81650
5.077,47607
5.078,64012
5.08,82579
5.083,51235
5.084,63418
5.086,50892
5.088,60658
5.089,52623
5.092,55182
5.095,53530
5.097,63144
5.097,59190
5.099,56905
5.101,51513
5.104,56921
5.106,55157
5.108,54093
5.11,63270
5.111,62563
5.113,52583
5.114,60132
5.114,64428
5.115,62404
5.117,48434
5.119,56732
5.12,48857
5.123,44046
5.125,58792
5.126,50366
5.126,84438
5.128,77349
5.129,60092
5.131,80038
5.133,71947
5.134,67859
5.136,60934
5.138,69385
5.14,49557
5.142,61881
5.142,73966
5.145,52975
5.146,70428
5.149,56117
5.15,71972
5.152,46741
5.154,45473
5.156,70283
5.159,52985
5.16,74012
5.163,53974
5.165,63248
5.166,56267
5.167,73652
5.17,54234
5.171,59752
5.174,55343
5.176,45699
5.179,70654
5.181,53561
5.182,71181
5.183,55817
5.184,51310
5.185,60379
5.187,66022
5.19,47420
5.192,71037
5.194,52410
5.195,54903
5.198,50840
5.201,49382
5.202,70881
5.203,61609
5.206,53057
5.208,65247
5.211,51933
5.213,59808
5.213,69500
5.216,50791
5.217,64898
5.221,59829
5.223,61849
5.225,62899
5.227,67910
5.229,64849
5.231,49438
5.234,74769
5.236,47961
5.237,62971
5.239,57768
5.242,59928
5.244,49513
5.247,68274
5.249,65490
5.251,48529
5.254,53173
5.257,50177
5.259,55491
5.26,42968
5.264,49436
5.266,67850
5.269,55980
5.272,53355
5.274,53280
5.278,56532
5.281,54618
5.283,51738
5.283,65188
5.285,80840
5.287,55671
5.289,43331
5.29,65958
5.292,86454
5.293,60371
5.294,63341
5.296,65185
5.297,52808
5.299,61796
5.3,72240
5.302,72749
5.303,86646
5.305,73631
5.306,47798
5.307,57587
5.309,59170
5.309,73008
5.312,50894
5.314,61666
5.316,59407
5.317,48826
5.318,63274
5.32,55340
5.321,53955
5.322,59599
5.323,51861
5.324,70804
5.327,51126
5.328,45276
5.33,45909
5.332,45839
5.334,57808
5.335,59632
5.337,51564
5.339,62499
5.34,53679
5.341,59533
5.343,60063
5.344,78991
5.346,89699
5.347,58593
5.348,62484
5.35,74618
5.351,52312
5.353,74910
5.354,54948
5.356,62518
5.359,67323
5.36,57956
5.361,69236
5.362,60663
5.365,53260
5.366,56317
5.367,80555
5.37,48065
5.372,59333
5.375,58236
5.376,57583
5.378,61817
5.379,72215
5.381,72410
5.383,53864
5.384,56593
5.385,70157
5.387,54274
5.39,59421
5.393,48538
5.394,79294
5.396,56022
5.398,52560
5.401,58466
5.402,62853
5.404,67713
5.405,51554
5.405,67617
5.407,57869
5.408,81537
5.409,66548
5.411,77065
5.414,52928
5.415,55270
5.418,56350
5.42,58409
5.423,52520
5.423,55428
5.425,66011
5.426,65077
5.428,59569
5.429,70764
5.431,61330
5.432,70488
5.433,51316
5.435,49920
5.437,53763
5.437,58933
5.439,78596
5.442,45350
5.445,50304
5.447,59413
5.45,56535
5.451,67827
5.452,50392
5.454,62648
5.455,56590
5.458,57161
5.461,51809
5.463,50726
5.465,66423
5.466,52695
5.468,64161
5.471,58690
5.473,61290
5.474,57777
5.475,78662
5.478,52981
5.479,53276
5.481,65733
5.484,63872
5.485,81785
5.486,63773
5.487,60888
5.49,47136
5.492,60193
5.494,60531
5.495,58133
5.497,46751
5.499,51000
5.502,74176
5.503,56851
5.504,45945
5.507,64381
5.509,59254
5.51,59764
5.511,63606
5.513,69251
5.515,54243
5.517,53830
5.52,61533
5.522,64248
5.524,61536
5.527,72356
5.527,53223
5.529,53036
5.531,74852
5.531,49884
5.533,52140
5.536,53885
5.537,60968
5.539,77891
5.539,55842
5.54,59946
5.543,47060
5.545,83348
5.547,66024
5.55,71609
5.552,60665
5.553,57447
5.555,64941
5.557,61506
5.559,57268
5.562,55663
5.565,57679
5.567,71988
5.569,71198
5.571,52475
5.571,59259
5.573,50576
5.574,49584
5.578,48644
5.58,72850
5.581,66063
5.584,54678
5.585,45060
5.587,60846
5.588,65514
5.59,67935
5.592,62798
5.594,55725
5.598,53491
5.599,66684
5.601,64861
5.602,59899
5.605,56237
5.607,62801
5.611,57138
5.614,66229
5.616,68140
5.617,76974
5.62,55760
5.622,78934
5.624,73878
5.627,62065
5.629,51185
5.631,61849
5.633,67859
5.635,57527
5.637,54065
5.639,54976
5.643,50127
5.645,64528
5.649,61185
5.651,56131
5.655,56703
5.658,58808
5.659,57600
5.662,49582
5.663,54895
5.665,55751
5.669,63951
5.672,60947
5.673,75235
5.674,65222
5.677,53769
5.68,61209
5.681,61088
5.682,54691
5.684,77432
5.685,67125
5.686,71938
5.688,47299
5.689,62654
5.69,52151
5.694,51832
5.697,59981
5.698,69290
5.7,80588
5.702,60717
5.704,58061
5.706,51403
5.707,67762
5.71,63432
5.713,62485
5.713,81104
5.715,84834
5.716,68418
5.717,53109
5.719,68176
5.722,54082
5.723,61894
5.725,65410
5.726,57115
5.73,62011
5.731,56764
5.734,65175
5.736,78661
5.737,53524
5.74,53738
5.74,68785
5.743,58206
5.744,66705
5.745,60299
5.747,78371
5.747,65724
5.748,55661
5.751,68824
5.753,71014
5.754,58048
5.755,70870
5.756,50707
5.758,69726
5.759,50208
5.761,80299
5.763,56643
5.764,60695
5.766,68844
5.768,60323
5.77,59774
5.772,51113
5.773,54812
5.776,53951
5.777,63101
5.78,57457
5.781,50688
5.784,50317
5.784,53949
5.786,52551
5.787,57748
5.788,60669
5.789,61537
5.792,49505
5.793,46786
5.796,63973
5.798,71011
5.799,47742
5.802,48198
5.804,55639
5.806,60696
5.807,74229
5.809,85596
5.811,56758
5.814,52384
5.815,55817
5.816,76061
5.817,58033
5.82,52113
5.82,65120
5.821,65936
5.822,73107
5.823,83946
5.826,58281
5.827,62030
5.829,46028
5.832,50797
5.833,57710
5.834,65803
5.835,61744
5.836,59251
5.837,68434
5.839,57877
5.841,52280
5.843,67181
5.844,51126
5.846,52864
5.848,64051
5.848,70304
5.851,55767
5.853,79877
5.855,44869
5.857,48471
5.858,63535
5.86,62390
5.861,84538
5.862,61057
5.863,66588
5.865,65710
5.867,47293
5.868,63201
5.868,55654
5.87,51228
5.871,71380
5.873,59997
5.875,64620
5.878,55764
5.88,63488
5.883,50647
5.885,61418
5.887,55375
5.889,55976
5.89,51320
5.893,50818
5.895,42558
5.897,51133
5.899,54892
5.9,53605
5.902,58543
5.903,70063
5.904,68753
5.907,48632
5.911,44225
5.914,69972
5.915,60253
5.915,79416
5.917,60299
5.918,60129
5.918,51258
5.921,49257
5.921,70339
5.923,53947
5.925,56656
5.927,57685
5.929,78642
5.931,67740
5.932,76946
5.936,57322
5.937,65560
5.94,51232
5.941,78832
5.945,51720
5.947,72753
5.949,69535
5.95,62404
5.951,64922
5.953,53440
5.956,61455
5.957,63248
5.958,83200
5.959,57209
5.962,55773
5.964,73636
5.965,76507
5.966,53503
5.968,73944
5.97,48517
5.972,65545
5.974,63166
5.977,53246
5.978,59808
5.979,61587
5.98,63889
5.982,62138
5.984,59225
5.985,73236
5.988,56915
5.989,63898
5.991,56743
5.992,55941
5.994,57339
5.996,49493
5.998,51190
6.001,61199
6.003,55891
6.005,61327
6.007,60591
6.009,56267
6.011,61517
6.013,54826
6.015,83328
6.017,80105
6.019,60623
6.02,67804
6.021,60148
6.024,55566
6.025,54847
6.028,46298
6.03,53521
6.031,57825
6.031,70067
6.033,68839
6.034,54122
6.035,58759
6.036,65865
6.038,51788
6.039,53959
6.04,61060
6.043,51799
6.045,53047
6.046,60042
6.049,60223
6.051,54237
6.051,72813
6.053,51403
6.054,58743
6.056,60362
6.059,58037
6.061,57596
6.062,50149
6.063,93469
6.065,82651
6.066,70033
6.067,67874
6.068,84461
6.07,67339
6.072,51893
6.073,58762
6.074,63975
6.076,58378
6.077,85774
6.079,56484
6.082,60096
6.083,61056
6.085,66260
6.087,52475
6.09,52540
6.092,54255
6.094,56698
6.095,56444
6.097,62757
6.098,72919
6.099,81971
6.103,53889
6.104,88948
6.105,51575
6.107,45684
6.108,65802
6.111,63907
6.111,74524
6.113,53707
6.115,85338
6.118,45388
6.119,56333
6.121,53348
6.122,70585
6.125,57822
6.128,72699
6.13,46636
6.131,70324
6.133,51265
6.135,48306
6.136,59993
6.139,48841
6.139,59053
6.14,79984
6.144,44821
6.146,83546
6.147,59105
6.149,63540
6.151,61321
6.152,65294
6.154,60703
6.156,85897
6.156,61159
6.159,70092
6.161,52519
6.164,48290
6.165,64835
6.167,46909
6.168,55880
6.169,67486
6.172,54548
6.173,66233
6.174,58321
6.177,56301
6.18,56458
6.182,64929
6.183,59576
6.185,63617
6.187,51727
6.19,67522
6.191,57158
6.194,53391
6.198,51514
6.201,59243
6.204,55190
6.207,53734
6.209,68955
6.213,71926
6.215,48866
6.216,63130
6.218,53490
6.219,68442
6.221,66592
6.223,56357
6.223,64440
6.225,68545
6.228,57867
6.231,62551
6.233,56833
6.234,51454
6.237,52101
6.239,57890
6.241,59100
6.243,64682
6.246,48428
6.248,79575
6.25,54352
6.253,58272
6.255,73665
6.255,65156
6.257,47628
6.257,64943
6.26,57167
6.263,66175
6.264,53247
6.266,48345
6.267,59120
6.268,65712
6.27,62886
6.272,53727
6.274,50280
6.276,78408
6.278,58269
6.28,66489
6.283,52053
6.285,51550
6.286,60187
6.288,53570
6.29,76301
6.293,53418
6.295,89132
6.297,53208
6.299,61724
6.302,47790
6.303,79067
6.304,57034
6.306,46596
6.308,63224
6.309,71004
6.314,46592
6.316,53137
6.318,59965
6.32,73886
6.322,60077
6.323,62109
6.324,72539
6.327,69331
6.332,58439
6.334,71570
6.336,72586
6.338,57809
6.34,47695
6.34,81062
6.343,60712
6.347,52008
6.35,46064
6.351,48171
6.352,63077
6.356,55816
6.359,60152
6.362,52657
6.363,66388
6.366,49630
6.368,70494
6.37,50682
6.373,55732
6.375,66312
6.376,58002
6.38,56617
6.384,57558
6.385,61077
6.389,66554
6.392,70847
6.394,55629
6.397,53544
6.401,61806
6.405,59347
6.406,69528
6.408,56167
6.411,62596
6.415,69742
6.418,58005
6.422,54632
6.425,50726
6.427,54908
6.43,72207
6.434,49083
6.438,58862
6.443,63447
6.447,50646
6.448,64530
6.451,59946
6.453,76643
6.456,80682
6.461,50397
6.468,46706
6.471,54300
6.474,60157
6.478,54047
6.482,64642
6.483,45564
6.485,55932
6.488,64527
6.491,56911
6.495,59569
6.498,55508
6.501,55001
6.502,57303
6.505,70696
6.508,58633
6.51,70516
6.512,59735
6.514,67623
6.516,59064
6.517,69720
6.519,62234
6.521,64918
6.524,57891
6.526,73995
6.531,55216
6.532,62495
6.535,57707
6.536,71015
6.538,55128
6.541,48126
6.545,55177
6.547,66257
6.55,60343
6.552,51616
6.553,53762
6.554,77814
6.556,42045
6.559,44626
6.564,61214
6.566,65658
6.568,72036
6.569,61848
6.572,60119
6.576,43367
6.58,52317
6.582,66695
6.583,60907
6.585,60639
6.587,83579
6.589,60526
6.59,82427
6.594,57473
6.595,67980
6.598,86447
6.6,60188
6.602,66238
6.605,73841
6.607,54781
6.611,55969
6.614,66611
6.615,67561
6.617,71944
6.62,53008
6.621,49855
6.623,65713
6.626,63525
6.631,62596
6.634,61514
6.636,77807
6.637,61830
6.639,71458
6.643,53560
6.646,61721
6.648,80920
6.65,44827
6.653,50692
6.653,57019
6.654,75436
6.656,52034
6.657,56771
6.66,47337
6.662,58655
6.664,66438
6.667,52186
6.668,48291
6.67,47939
6.673,59996
6.673,50228
6.675,61913
6.677,53477
6.678,72225
6.678,70244
6.681,53663
6.684,54171
6.686,66322
6.687,56608
6.689,55191
6.69,68003
6.693,62913
6.697,62837
6.699,45349
6.701,53641
6.703,47826
6.706,55500
6.707,73955
6.709,54286
6.711,61328
6.713,67106
6.716,54099
6.718,61971
6.72,58620
6.725,56043
6.726,66366
6.728,57921
6.729,50312
6.731,46180
6.731,55368
6.732,56041
6.733,59904
6.736,66215
6.738,60245
6.739,58646
6.742,59327
6.743,57794
6.745,87629
6.747,63797
6.749,74333
6.751,83165
6.753,41036
6.755,51294
6.758,40561
6.762,57061
6.764,61103
6.767,63588
6.77,66929
6.772,73350
6.773,49456
6.774,68682
6.777,53862
6.781,56700
6.782,55200
6.785,59740
6.787,63490
6.789,48819
6.792,71063
6.795,63416
6.798,56469
6.8,60893
6.802,59090
6.803,53067
6.804,57290
6.806,83898
6.806,57681
6.809,92106
6.813,46706
6.814,50039
6.816,71105
6.817,49242
6.82,54806
6.821,55958
6.823,56266
6.823,51049
6.826,62053
6.827,63943
6.829,54964
6.831,56183
6.832,76488
6.833,57944
6.835,59893
6.836,59331
6.837,59179
6.839,55809
6.841,65088
6.843,48527
6.845,77413
6.847,69236
6.849,54154
6.85,45799
6.852,72153
6.852,67670
6.854,57396
6.856,58231
6.857,57264
6.859,69267
6.861,53931
6.865,50351
6.866,58025
6.868,63241
6.87,49900
6.872,54785
6.874,60241
6.877,84087
6.878,55343
6.88,63686
6.881,83401
6.883,59972
6.885,62817
6.886,61766
6.888,55402
6.89,61453
6.89,59889
6.894,55642
6.897,53414
6.9,58641
6.902,61170
6.903,64010
6.905,51227
6.907,76226
6.909,88992
6.912,65560
6.913,83972
6.915,62951
6.916,66066
6.919,54682
6.919,56983
6.921,71421
6.923,74342
6.926,56231
6.927,62669
6.93,72755
6.933,60618
6.935,50102
6.936,75548
6.939,58437
6.942,57220
6.944,60237
6.946,69340
6.949,48660
6.951,68417
6.951,64279
6.952,64201
6.954,66606
6.956,63227
6.959,54730
6.961,43083
6.965,49938
6.966,57476
6.968,61171
6.971,55388
6.973,49925
6.976,52986
6.979,65060
6.981,77020
6.983,57014
6.985,52719
6.988,52460
6.988,64745
6.992,58115
6.992,62140
6.995,62627
6.997,56532
6.998,53817
6.999,76288
7.001,51791
7.002,88430
7.004,65840
7.007,44912
7.01,49233
7.012,58551
7.014,60319
7.015,62119
7.017,57872
7.017,92903
7.018,69544
7.019,72473
7.021,54993
7.023,51842
7.024,55413
7.026,56355
7.028,58751
7.029,54617
7.03,63265
7.032,59363
7.034,75326
7.036,52378
7.038,57904
7.039,77911
7.041,46331
7.043,55486
7.046,54441
7.047,47522
7.049,64738
7.051,71210
7.051,71077
7.053,59801
7.054,62117
7.057,47464
7.059,47706
7.061,60032
7.063,66590
7.064,74099
7.066,56791
7.068,57343
7.07,62149
7.071,49953
7.073,62153
7.074,66476
7.075,50080
7.077,54058
7.079,64193
7.082,56222
7.084,50119
7.086,53453
7.087,50103
7.089,77471
7.092,51813
7.094,50401
7.095,62501
7.097,54781
7.1,53948
7.103,77182
7.104,70905
7.106,66178
7.107,46600
7.109,58109
7.112,59488
7.113,69032
7.115,55612
7.116,79926
7.117,65329
7.118,72067
7.12,56733
7.122,48821
7.124,66706
7.125,60181
7.127,67150
7.131,50826
7.133,66503
7.135,56356
7.137,66644
7.139,56488
7.141,48676
7.142,65215
7.145,49516
7.146,66382
7.148,81057
7.149,57328
7.151,65507
7.153,68903
7.155,68308
7.157,73643
7.158,49714
7.16,60277
7.163,54646
7.164,60540
7.165,57354
7.167,72218
7.168,71672
7.17,78427
7.172,61274
7.176,52324
7.177,71479
7.178,71689
7.18,60923
7.183,57658
7.184,58998
7.185,58053
7.186,64315
7.187,74425
7.189,78837
7.19,60514
7.191,67871
7.195,51689
7.197,51078
7.199,60183
7.201,58850
7.203,69297
7.204,50845
7.205,71551
7.208,60846
7.211,58320
7.213,49813
7.215,49407
7.217,50077
7.218,69370
7.22,87085
7.221,57285
7.224,54491
7.227,52838
7.228,57532
7.23,59102
7.231,56933
7.232,68240
7.233,62863
7.236,54844
7.238,46437
7.239,62018
7.242,76157
7.242,67513
7.243,69489
7.245,56986
7.247,64934
7.249,57461
7.251,69549
7.252,56302
7.253,79478
7.254,67889
7.257,50085
7.259,58065
7.261,67665
7.263,61494
7.265,66527
7.266,64433
7.267,58595
7.267,85503
7.268,52073
7.27,64955
7.272,50373
7.274,51109
7.277,57743
7.279,39664
7.281,65038
7.283,51653
7.285,50940
7.287,54359
7.287,54937
7.289,61620
7.291,54910
7.292,52423
7.294,73434
7.296,87614
7.297,49344
7.298,79513
7.3,59416
7.302,49267
7.303,51411
7.306,57675
7.307,66204
7.31,59676
7.31,69710
7.311,57680
7.313,45102
7.314,54754
7.316,73590
7.317,54623
7.319,47502
7.322,62721
7.323,50050
7.323,63826
7.326,43769
7.327,66267
7.328,51631
7.33,65335
7.333,54789
7.334,59332
7.335,65555
7.335,70669
7.336,53568
7.338,69576
7.341,54619
7.343,67534
7.344,68432
7.346,77193
7.346,61267
7.349,63360
7.35,54362
7.353,53576
7.353,68437
7.355,55169
7.357,61623
7.359,68732
7.361,49620
7.363,69610
7.365,45720
7.367,47474
7.37,76184
7.371,56745
7.372,70168
7.375,70756
7.376,62557
7.378,70914
7.379,53698
7.38,59078
7.381,51937
7.383,63925
7.386,45142
7.389,54332
7.391,59348
7.393,78765
7.393,58981
7.394,46767
7.396,69061
7.397,62310
7.399,59316
7.4,69524
7.401,54280
7.402,56532
7.404,58314
7.406,64933
7.408,58488
7.41,72395
7.411,70476
7.413,81300
7.415,66186
7.417,58739
7.417,57923
7.419,52163
7.421,79619
7.423,68675
7.426,62221
7.428,70050
7.43,51628
7.432,66236
7.434,64545
7.436,50183
7.439,47120
7.441,71050
7.444,54969
7.445,53163
7.446,64531
7.448,77423
7.45,55763
7.451,66690
7.453,61447
7.454,73259
7.456,71011
7.458,68767
7.46,70793
7.461,64943
7.463,51536
7.464,53204
7.466,60863
7.467,47688
7.469,47748
7.47,65677
7.472,49127
7.474,47381
7.476,57366
7.477,76815
7.48,58718
7.48,68991
7.483,58467
7.485,62651
7.486,52279
7.488,51470
7.49,63599
7.493,54866
7.495,77240
7.497,47948
7.498,58971
7.501,47599
7.502,49996
7.503,57105
7.504,64347
7.507,59540
7.51,56693
7.512,46987
7.514,59289
7.515,58467
7.516,48448
7.517,60687
7.517,72322
7.519,52617
7.521,62405
7.523,47949
7.523,67029
7.526,50313
7.528,64915
7.529,48641
7.531,49160
7.534,53740
7.535,48468
7.537,57790
7.538,61959
7.54,58610
7.542,71593
7.544,82182
7.544,79815
7.546,79033
7.548,72536
7.549,72504
7.551,77716
7.552,88534
7.554,74308
7.555,52829
7.558,44941
7.56,50346
7.561,53772
7.564,51042
7.565,67020
7.568,53215
7.571,47236
7.572,68209
7.574,60101
7.578,65390
7.579,54175
7.581,79825
7.581,56134
7.582,58227
7.584,56278
7.586,69260
7.587,52278
7.589,62775
7.591,53232
7.593,64256
7.596,50569
7.597,57944
7.598,66316
7.599,65098
7.602,50466
7.605,51433
7.608,50560
7.61,55343
7.612,63851
7.613,65039
7.615,51652
7.617,64012
7.619,51641
7.62,55126
7.623,59184
7.624,56791
7.626,72673
7.627,56673
7.629,68288
7.63,69097
7.631,59030
7.633,52364
7.634,61536
7.637,66937
7.638,52434
7.641,58049
7.643,49141
7.645,75736
7.647,60246
7.648,60875
7.649,46611
7.649,47596
7.652,61209
7.653,83222
7.655,50349
7.657,70857
7.659,59875
7.66,57602
7.661,52331
7.663,68067
7.665,54889
7.667,49576
7.669,55906
7.671,60569
7.672,65672
7.673,66106
7.676,54882
7.678,63939
7.679,52169
7.68,48193
7.682,44250
7.683,79478
7.685,49828
7.687,55413
7.689,55071
7.691,52712
7.694,52344
7.696,58934
7.698,55802
7.701,66565
7.702,61372
7.705,61330
7.706,59953
7.709,57714
7.71,64234
7.711,68092
7.713,55214
7.716,66271
7.718,81990
7.719,62665
7.721,48344
7.723,71816
7.726,59651
7.727,64481
7.729,54463
7.73,62272
7.731,62121
7.732,68178
7.733,56133
7.735,56927
7.736,52035
7.737,61659
7.739,57869
7.742,55584
7.742,71356
7.743,78494
7.744,59303
7.746,49279
7.748,55339
7.749,56861
7.75,59538
7.752,61997
7.754,65130
7.755,52917
7.756,63589
7.757,76308
7.759,59684
7.759,79352
7.762,60731
7.763,52605
7.763,89873
7.766,52908
7.767,71028
7.77,43472
7.772,55951
7.773,63826
7.774,57679
7.776,51279
7.778,64921
7.78,64724
7.781,71185
7.784,49056
7.786,61472
7.788,51165
7.79,56551
7.791,59774
7.794,60029
7.795,63332
7.797,66061
7.799,68740
7.8,52121
7.801,64701
7.802,56929
7.805,40091
7.807,46992
7.809,57191
7.81,86760
7.812,66843
7.814,50934
7.815,67919
7.818,56191
7.819,59808
7.822,48750
7.823,57829
7.825,58840
7.826,50793
7.828,57803
7.83,63995
7.832,52697
7.834,67270
7.835,57759
7.838,47068
7.841,57198
7.843,76507
7.846,74718
7.847,54296
7.851,49986
7.852,71257
7.854,62535
7.855,68341
7.857,54934
7.858,59567
7.862,65237
7.863,61867
7.865,50981
7.866,49554
7.868,56593
7.87,77520
7.872,51278
7.873,51764
7.876,65210
7.877,50170
7.878,54348
7.879,52542
7.88,60556
7.881,65460
7.883,64842
7.885,59640
7.886,73420
7.888,60281
7.889,72060
7.891,60475
7.894,50807
7.896,52882
7.898,78023
7.9,57423
7.902,50902
7.902,75474
7.904,59789
7.905,61236
7.906,73117
7.908,71951
7.911,63808
7.912,69433
7.914,48806
7.914,70091
7.915,59656
7.918,62455
7.919,54432
7.92,65354
7.922,67411
7.924,81348
7.926,52590
7.927,77910
7.929,63011
7.931,78036
7.933,59503
7.934,57146
7.937,43238
7.939,63341
7.941,69176
7.943,44606
7.944,63643
7.946,76268
7.947,56497
7.948,84722
7.949,56917
7.951,61515
7.953,66349
7.956,50690
7.956,69853
7.959,61375
7.961,65818
7.964,42155
7.968,54780
7.973,64162
7.975,46055
7.977,45522
7.978,72700
7.981,59972
7.982,65298
7.984,44645
7.984,68864
7.987,67567
7.99,60986
7.993,69390
7.994,60325
7.995,54448
7.997,66636
7.999,77837
8.001,62211
8.003,58745
8.006,46373
8.007,68508
8.01,67167
8.011,64032
8.014,50536
8.016,59575
8.018,69244
8.019,62648
8.022,47926
8.025,57776
8.026,69428
8.029,45777
8.033,56421
8.035,72815
8.037,49031
8.039,56364
8.042,54764
8.044,64305
8.045,82486
8.047,67899
8.048,71423
8.049,62465
8.051,56171
8.053,65002
8.055,55998
8.057,66376
8.058,55495
8.061,49363
8.064,48409
8.065,51839
8.067,60174
8.068,72285
8.068,70078
8.07,49760
8.072,76613
8.073,62308
8.075,65860
8.077,56395
8.079,63767
8.081,60017
8.082,86019
8.083,68525
8.085,64074
8.086,65835
8.088,62765
8.09,50447
8.092,87643
8.094,53163
8.096,53815
8.098,45441
8.1,46534
8.102,64250
8.103,56608
8.104,52185
8.106,58376
8.107,66975
8.108,59070
8.109,58432
8.109,68931
8.112,80424
8.112,59443
8.113,66963
8.114,48534
8.117,50384
8.119,64758
8.12,78492
8.121,66445
8.123,50877
8.124,70289
8.125,73263
8.127,62639
8.128,64002
8.13,63863
8.132,44673
8.134,51064
8.135,54251
8.136,55673
8.137,75469
8.138,67390
8.139,61380
8.141,73697
8.142,64163
8.142,63089
8.144,72925
8.144,79180
8.146,76145
8.148,58713
8.148,50801
8.149,83506
8.151,68626
8.152,60274
8.152,68228
8.154,56222
8.155,52172
8.158,61723
8.16,53178
8.162,59159
8.164,41334
8.165,57079
8.167,74182
8.169,63093
8.172,50154
8.174,57620
8.174,60121
8.175,62660
8.177,68857
8.179,48531
8.181,61546
8.183,62716
8.185,75232
8.187,59285
8.189,54202
8.19,50119
8.192,48950
8.193,67939
8.195,50042
8.197,75058
8.198,68350
8.2,52637
8.201,58711
8.202,53052
8.204,54605
8.206,63482
8.208,56444
8.211,51400
8.212,56780
8.213,54350
8.216,48065
8.217,53123
8.219,63162
8.221,48632
8.222,56247
8.225,53292
8.226,72003
8.228,65220
8.229,55146
8.232,50339
8.232,86994
8.234,57289
8.235,63569
8.237,53319
8.239,56304
8.241,52315
8.243,69724
8.245,64677
8.247,53293
8.248,68330
8.249,54770
8.251,68738
8.253,51925
8.253,66376
8.255,51007
8.256,61897
8.257,84138
8.26,64707
8.261,79110
8.263,63673
8.265,88508
8.266,78802
8.269,48738
8.271,75187
8.272,94271
8.274,53382
8.276,61353
8.277,64450
8.279,47900
8.281,56851
8.282,61655
8.284,53869
8.286,49049
8.289,58132
8.292,58300
8.295,52496
8.295,79125
8.298,52861
8.299,70927
8.302,65984
8.303,68131
8.304,64277
8.306,55137
8.309,54384
8.312,62347
8.312,65702
8.314,63638
8.316,65483
8.317,67511
8.318,61685
8.32,50308
8.321,67735
8.322,53160
8.325,60316
8.326,86651
8.329,49077
8.33,73515
8.332,53731
8.335,54005
8.337,64449
8.338,57514
8.34,70133
8.341,70542
8.343,70111
8.345,56272
8.347,55172
8.35,49409
8.352,66041
8.354,53674
8.356,42797
8.357,53370
8.357,78168
8.36,56380
8.361,66353
8.362,52208
8.363,66492
8.364,52771
8.366,49579
8.367,79044
8.368,64604
8.369,58611
8.37,57509
8.371,73485
8.372,49468
8.373,74808
8.376,46930
8.377,60253
8.377,74550
8.38,55747
8.382,61755
8.385,52910
8.387,57997
8.389,48677
8.39,56551
8.393,71402
8.394,66108
8.396,56578
8.397,73014
8.399,60467
8.402,46760
8.403,88964
8.405,53708
8.407,82779
8.41,53916
8.413,48179
8.414,58540
8.415,81445
8.416,63395
8.418,68243
8.419,76657
8.422,52138
8.424,73766
8.426,67214
8.429,49876
8.431,73892
8.431,70453
8.432,55339
8.434,77594
8.436,56427
8.439,54422
8.44,61918
8.443,52077
8.445,58671
8.447,74985
8.447,72826
8.448,61959
8.449,69699
8.45,49690
8.452,56830
8.455,59203
8.457,44462
8.46,62022
8.463,59041
8.465,77087
8.466,57334
8.467,64357
8.47,63047
8.472,64931
8.474,65719
8.477,49276
8.478,64536
8.48,65254
8.482,59555
8.483,54764
8.486,63245
8.488,78352
8.489,54191
8.491,82034
8.493,54472
8.494,61316
8.496,57735
8.497,55152
8.5,55916
8.502,63848
8.505,53918
8.506,56950
8.509,68185
8.512,53366
8.514,59833
8.516,61276
8.519,52310
8.519,51522
8.522,48025
8.523,88296
8.526,61304
8.526,68158
8.528,70020
8.529,49900
8.53,58439
8.532,56071
8.533,68933
8.533,80844
8.535,66657
8.536,52044
8.539,58285
8.541,83725
8.543,55557
8.545,49719
8.547,48081
8.548,66958
8.549,47936
8.55,86843
8.552,56344
8.554,72073
8.556,69965
8.558,51797
8.56,50911
8.562,56165
8.565,50674
8.566,53662
8.569,48298
8.57,52848
8.573,54964
8.575,64865
8.578,79592
8.58,55767
8.582,64182
8.583,73283
8.585,79275
8.586,54848
8.588,58536
8.591,56908
8.593,80778
8.594,46885
8.595,51784
8.596,62728
8.598,69768
8.599,50304
8.599,69493
8.602,51444
8.603,60694
8.605,58230
8.605,84237
8.606,65878
8.607,69952
8.61,49558
8.611,74928
8.613,48878
8.615,63145
8.616,62259
8.617,70507
8.618,78583
8.62,71558
8.623,62137
8.624,51445
8.626,81456
8.628,72668
8.628,52029
8.632,52683
8.635,45498
8.635,64135
8.637,69972
8.639,60833
8.64,60995
8.642,55116
8.644,53935
8.646,60129
8.647,81828
8.649,79223
8.651,46302
8.652,73854
8.652,70170
8.654,66712
8.656,53519
8.656,74015
8.659,52291
8.662,62117
8.663,60715
8.664,73290
8.666,71354
8.667,50063
8.668,51963
8.669,72056
8.67,80563
8.67,71994
8.672,62825
8.675,59268
8.677,55738
8.677,72431
8.677,79901
8.678,77545
8.681,66367
8.682,56769
8.683,56676
8.686,50905
8.688,67090
8.69,66302
8.692,77309
8.693,55921
8.695,66804
8.698,56304
8.699,64425
8.701,47983
8.702,45876
8.704,54505
8.707,61193
8.709,41721
8.711,72163
8.713,51433
8.714,63744
8.717,49190
8.719,55862
8.72,55261
8.722,66914
8.723,69541
8.725,82303
8.728,51013
8.729,52164
8.732,57356
8.732,69348
8.733,77407
8.736,48818
8.738,64709
8.74,58968
8.741,81359
8.743,51966
8.744,57082
8.745,47545
8.748,49217
8.749,53563
8.751,49503
8.753,71379
8.754,68531
8.755,61128
8.757,70123
8.76,47171
8.761,45183
8.762,71361
8.764,60245
8.766,75326
8.768,54527
8.77,55853
8.772,53436
8.773,75172
8.774,61377
8.776,52209
8.777,91130
8.779,63480
8.78,52724
8.781,65330
8.783,65482
8.785,53460
8.786,63508
8.787,66990
8.789,72928
8.792,60830
8.795,45940
8.796,71070
8.798,56412
8.799,58530
8.801,56247
8.803,45534
8.804,71749
8.806,58068
8.809,59266
8.811,53142
8.812,72195
8.814,51764
8.815,54332
8.817,61407
8.819,52052
8.82,64974
8.821,54037
8.823,63820
8.826,74981
8.828,71189
8.829,86824
8.831,59847
8.833,59791
8.834,43337
8.837,54235
8.839,57659
8.841,67280
8.843,54295
8.844,56759
8.846,55987
8.848,69043
8.85,50595
8.851,55268
8.853,48262
8.855,64771
8.857,73383
8.86,52086
8.861,44257
8.863,45781
8.864,67098
8.866,47365
8.867,62526
8.868,61007
8.87,70577
8.871,49584
8.873,63687
8.874,64828
8.877,52657
8.877,54609
8.878,100353
8.878,78901
8.881,58363
8.881,64252
8.883,78552
8.884,59638
8.886,57376
8.887,58988
8.889,68315
8.889,66802
8.892,63363
8.893,55382
8.895,69692
8.896,83211
8.897,63594
8.898,61597
8.899,73330
8.901,55292
8.903,74465
8.904,55455
8.905,66649
8.906,60279
8.909,59484
8.912,63343
8.913,65653
8.914,53516
8.915,71734
8.917,55621
8.919,75009
8.92,61885
8.921,73491
8.923,70655
8.926,52250
8.928,50452
8.931,59817
8.933,52710
8.933,63564
8.934,59144
8.935,76063
8.937,52448
8.938,61835
8.939,68914
8.941,80625
8.944,50826
8.946,68516
8.947,59895
8.95,46854
8.952,59291
8.955,60465
8.957,59738
8.958,56897
8.961,67363
8.962,51059
8.964,65486
8.967,50910
8.969,54294
8.97,60578
8.972,54580
8.973,58662
8.976,50165
8.977,66542
8.979,58714
8.979,85704
8.982,51563
8.983,60131
8.985,52716
8.987,40546
8.988,54718
8.989,49807
8.99,58191
8.991,74787
8.993,58240
8.996,81390
8.997,54465
8.999,50515
9,48524
9.002,62748
9.004,49531
9.006,53495
9.008,58631
9.011,48185
9.014,55731
9.015,76804
9.017,60532
9.019,55219
9.021,52964
9.022,49964
9.025,62551
9.027,50991
9.029,55070
9.03,82387
9.032,50047
9.035,58791
9.035,66594
9.037,52854
9.039,44578
9.04,78008
9.042,65217
9.044,63712
9.045,58453
9.047,61140
9.049,61825
9.051,46263
9.052,52323
9.054,64785
9.055,61918
9.058,68461
9.062,49802
9.062,87675
9.063,53178
9.064,63443
9.066,58500
9.068,44987
9.07,62400
9.072,55155
9.074,56400
9.076,54825
9.078,71466
9.08,74179
9.082,60648
9.084,62062
9.086,57545
9.087,66625
9.088,60731
9.089,49128
9.091,57073
9.093,52510
9.097,46357
9.099,62063
9.101,74869
9.102,67729
9.104,73177
9.106,46812
9.107,48905
9.108,66544
9.11,80776
9.112,80823
9.113,51332
9.115,55798
9.116,61018
9.117,75013
9.118,82214
9.12,72345
9.121,90276
9.123,68020
9.124,89209
9.125,60826
9.127,73143
9.128,65386
9.129,56034
9.13,71356
9.131,64614
9.133,50608
9.135,61423
9.136,73952
9.137,66420
9.138,84532
9.14,59413
9.142,60463
9.145,47870
9.147,71142
9.148,70237
9.151,60846
9.152,53910
9.154,48126
9.156,67741
9.159,87672
9.161,50324
9.162,56695
9.165,47054
9.167,64582
9.169,58715
9.169,65663
9.171,72909
9.173,75093
9.174,73557
9.176,63156
9.178,67441
9.18,88338
9.183,60363
9.185,61288
9.187,57963
9.189,65751
9.19,59930
9.192,54684
9.193,59316
9.194,51652
9.196,71023
9.198,45676
9.201,50414
9.203,54874
9.205,71673
9.209,59394
9.211,63781
9.213,67264
9.214,45995
9.215,51411
9.216,76351
9.219,66708
9.222,64016
9.225,65552
9.226,58257
9.228,64277
9.23,48387
9.233,66755
9.234,54991
9.236,53448
9.24,67783
9.243,56119
9.245,61818
9.248,45888
9.25,58281
9.252,54781
9.254,66058
9.257,56034
9.258,58303
9.259,72342
9.262,59033
9.263,57096
9.266,48312
9.268,55633
9.27,57250
9.272,50418
9.274,60023
9.274,59576
9.276,54800
9.278,47282
9.279,70843
9.282,50911
9.284,57113
9.285,60858
9.286,67220
9.288,62043
9.289,71207
9.29,75153
9.291,76074
9.294,63582
9.297,51199
9.298,55157
9.298,76262
9.3,60164
9.303,54988
9.306,57856
9.306,80301
9.308,56118
9.309,49327
9.31,72619
9.312,59373
9.313,86903
9.314,57188
9.316,50546
9.317,70015
9.32,54633
9.322,54573
9.325,56316
9.327,57047
9.329,59392
9.331,61583
9.332,55666
9.333,69632
9.335,63764
9.337,92609
9.339,46041
9.342,56447
9.343,52992
9.345,63057
9.347,58699
9.349,52050
9.35,47722
9.352,64165
9.353,82592
9.354,54434
9.356,55613
9.359,69764
9.361,75487
9.363,78924
9.365,53944
9.368,61964
9.37,55296
9.373,71453
9.376,65061
9.377,65940
9.379,53094
9.38,66887
9.38,81032
9.381,64115
9.383,56371
9.385,61228
9.387,52200
9.389,48254
9.391,49533
9.392,72863
9.394,49005
9.394,56453
9.396,59221
9.397,80336
9.398,57147
9.4,64343
9.402,63583
9.403,53131
9.404,70381
9.407,56206
9.411,44987
9.413,58832
9.413,67072
9.415,56076
9.417,52642
9.421,59213
9.424,71175
9.426,49378
9.428,46787
9.43,73603
9.434,56945
9.436,47814
9.437,61366
9.439,73121
9.442,50277
9.443,55023
9.445,66975
9.447,55706
9.448,61194
9.449,67263
9.451,63852
9.453,60225
9.456,58244
9.457,55797
9.459,72774
9.46,51616
9.462,46543
9.463,60918
9.464,55631
9.466,49464
9.467,54336
9.469,53175
9.47,59950
9.472,56019
9.473,50629
9.475,61203
9.476,84621
9.478,60672
9.48,56875
9.481,73560
9.483,70060
9.485,61880
9.486,56910
9.488,46315
9.489,61631
9.492,48456
9.493,68868
9.496,48760
9.498,56706
9.5,41546
9.501,50825
9.502,54786
9.504,50494
9.506,48685
9.507,71609
9.51,64344
9.512,64107
9.514,55550
9.517,69354
9.52,45813
9.521,56160
9.523,69763
9.525,65902
9.527,70940
9.529,54469
9.531,60231
9.532,68005
9.533,55498
9.535,52141
9.536,74957
9.54,55225
9.543,71561
9.545,54547
9.546,59574
9.547,62086
9.55,66859
9.551,63776
9.553,54184
9.554,63565
9.556,51349
9.559,60268
9.56,72406
9.562,50114
9.564,68078
9.565,50047
9.566,78799
9.566,57221
9.568,65547
9.568,55917
9.569,65395
9.57,74502
9.572,67717
9.573,55505
9.576,63795
9.578,59883
9.579,51272
9.58,66573
9.581,85033
9.582,58833
9.585,59156
9.587,52389
9.59,62586
9.592,49900
9.592,70008
9.595,55929
9.596,60825
9.598,55731
9.599,60776
9.601,62248
9.603,59838
9.604,52806
9.607,56627
9.608,75341
9.61,71250
9.612,61075
9.614,65038
9.616,75302
9.618,54409
9.619,74362
9.62,68165
9.623,64174
9.625,55425
9.626,60764
9.628,52278
9.63,54738
9.631,56320
9.632,85792
9.634,45324
9.636,53148
9.637,44410
9.64,45136
9.643,54371
9.645,56740
9.645,71167
9.647,57440
9.649,49700
9.65,74915
9.652,76656
9.653,56724
9.655,50938
9.656,57472
9.657,58978
9.659,49493
9.662,56838
9.663,56356
9.664,73538
9.665,58168
9.667,58521
9.669,60275
9.671,55554
9.673,76549
9.675,72092
9.676,76344
9.678,76100
9.679,64416
9.681,53321
9.684,61164
9.684,51240
9.685,62541
9.686,65729
9.689,64419
9.692,64628
9.694,70920
9.696,56416
9.697,51856
9.699,46219
9.701,55038
9.703,50979
9.704,90956
9.706,61545
9.708,56294
9.711,50705
9.712,71664
9.714,57115
9.715,58072
9.717,73329
9.718,52594
9.72,67149
9.722,61022
9.724,57136
9.726,61421
9.728,47269
9.729,76816
9.731,69297
9.732,57662
9.734,58272
9.737,53486
9.739,60680
9.741,72851
9.743,63669
9.745,66233
9.747,58839
9.748,49596
9.751,71529
9.752,72142
9.754,79148
9.756,65879
9.757,58760
9.76,54649
9.762,74865
9.762,62896
9.765,63393
9.768,64440
9.769,62257
9.772,50617
9.775,58432
9.776,52805
9.778,65513
9.781,50243
9.783,60795
9.785,61615
9.786,60614
9.787,65636
9.788,70912
9.79,54568
9.792,77100
9.795,58328
9.797,46589
9.799,59069
9.802,53936
9.805,51497
9.806,68851
9.807,61013
9.81,57813
9.811,74205
9.812,70751
9.813,48206
9.815,59481
9.817,61929
9.819,57124
9.82,61535
9.822,53715
9.824,61712
9.826,72931
9.829,60518
9.831,62846
9.833,64814
9.833,54627
9.835,52538
9.835,61925
9.836,53132
9.838,57983
9.839,60812
9.84,52108
9.843,52173
9.845,65944
9.847,50255
9.848,52752
9.85,54279
9.851,60561
9.853,57441
9.855,58638
9.856,61001
9.859,60324
9.86,49686
9.863,46815
9.864,63674
9.867,44867
9.869,48133
9.871,55523
9.873,48460
9.875,73295
9.877,64371
9.878,45909
9.878,66499
9.88,65162
9.882,52093
9.885,49135
9.887,92279
9.889,66057
9.891,72727
9.892,62777
9.895,52117
9.896,85255
9.899,50702
9.901,64467
9.903,50687
9.905,61765
9.908,49896
9.911,60646
9.913,49378
9.914,82964
9.916,58476
9.917,53521
9.917,87345
9.919,51268
9.919,70060
9.922,45095
9.923,48603
9.924,59540
9.926,65816
9.927,48723
9.928,70379
9.931,42896
9.932,61765
9.933,53772
9.934,39242
9.936,55202
9.938,66537
9.94,77497
9.942,54188
9.944,47255
9.946,51195
9.947,49801
9.948,55450
9.949,45352
9.95,57480
9.951,69818
9.952,83709
9.953,56785
9.955,63562
9.957,69623
9.96,50327
9.962,69468
9.963,66681
9.964,72288
9.965,60554
9.968,76616
9.971,49512
9.972,61876
9.973,60527
9.976,47932
9.977,67550
9.978,75934
9.979,64166
9.98,65943
9.98,56411
9.983,53956
9.984,74077
9.985,47670
9.987,79188
9.988,54076
9.989,57404
9.992,50852
9.993,67403
9.994,57899
9.996,63652
9.998,45784
10.001,43151
